sequence name,length,sequence
p1,101,CGTCTCATAGGACCCCGCGTGTTGGGTTCGGTCCTCAGTGCCTAAGGAAAGCGCTCGCTGGCTAGAAAACTATCTAGGAGTCCACGGTAGATGGTGAGACG
p12,47,CGTCTCACGTCCCGTGAGTTAAACGTGCGGCTCACGTCACTGAGACG
p13,31,CGTCTCATCACTTGCCGGAACTACTGAGACG
p14,52,CGTCTCACTACCCCGACCCCCTGCATTCACTGGAGGATCAAGCAATGAGACG
p15,82,CGTCTCAGCAAAGGTTCTGCTGGGTACATACGGCGCGACTTTACGGCCCCATGAACTCAGGGACAACCACGCCCTTGAGACG
p16,37,CGTCTCACCCTTTAAACCCCCCGGGGGCTCTGAGACG
p17,31,CGTCTCAGCTCATAAGTCACCGGTTGAGACG
p18,52,CGTCTCACGGTGTACAAGACCCGTAAGTAGCGCCCCGTGGCGTGCTGAGACG
p2,47,CGTCTCAATGGGTGCACTCTAGAGTTTTGACGGAGGGACTTGAGACG
p22,37,CGTCTCAGTTGATAGTGAGTGGGTAGCGAATGAGACG
pCL,31,CGTCTCAGACTTAAATCGTACGTCTGAGACG
pSV,82,CGTCTCAGTGCCATTGAACGGGACCACGTGCTTTCATTCATGTAGCTCGAGGAAAGATGGCGCCTCCCGTCGTTGTGAGACG
pWZ,43,CGTCTCACGAATGGTTAGTCTATGCCGCAAAAACGATGAGACG
